{"proxies":{"com.upflix.applovin.BannerProxy":{"superPackageName":"org.appcelerator.titanium.proxy","superProxyBindingClassName":"org.appcelerator.titanium.proxy.TiViewProxyBindingGen","proxyClassName":"BannerProxy","proxyAttrs":{"propertyAccessors":[],"fullAPIName":"AppLovin.Banner","name":"Banner","proxyClassName":"com.upflix.applovin.BannerProxy","isTopLevel":false,"id":"com.upflix.applovin.BannerProxy","creatableInModule":"com.upflix.applovin.AppLovinModule","parentModule":"org.appcelerator.kroll.annotations.Kroll.DEFAULT"},"packageName":"com.upflix.applovin","sourceName":"com.upflix.applovin.BannerProxyBindingGen","isTitaniumSdk":false,"superProxyClassName":"TiViewProxy","isModule":false,"genClassName":"BannerProxyBindingGen"},"com.upflix.applovin.AppLovinModule":{"superPackageName":"org.appcelerator.kroll","superProxyBindingClassName":"org.appcelerator.kroll.KrollModuleBindingGen","proxyClassName":"AppLovinModule","proxyAttrs":{"propertyAccessors":[],"fullAPIName":"AppLovin","name":"AppLovin","proxyClassName":"com.upflix.applovin.AppLovinModule","isTopLevel":false,"id":"com.upflix.applovin"},"packageName":"com.upflix.applovin","sourceName":"com.upflix.applovin.AppLovinModuleBindingGen","constants":{"AD_DISPLAYED":{"proxyName":"AD_DISPLAYED","name":"AD_DISPLAYED","type":"java.lang.String","value":"ad_displayed"},"REWARDED_VIDEO_STARTED":{"proxyName":"REWARDED_VIDEO_STARTED","name":"REWARDED_VIDEO_STARTED","type":"java.lang.String","value":"rewarded_video_started"},"AD_CLICKED":{"proxyName":"AD_CLICKED","name":"AD_CLICKED","type":"java.lang.String","value":"ad_clicked"},"REWARDED_VIDEO_COMPLETED":{"proxyName":"REWARDED_VIDEO_COMPLETED","name":"REWARDED_VIDEO_COMPLETED","type":"java.lang.String","value":"rewarded_video_completed"},"AD_DISPLAY_FAILED":{"proxyName":"AD_DISPLAY_FAILED","name":"AD_DISPLAY_FAILED","type":"java.lang.String","value":"ad_display_failed"},"USER_REWARDED":{"proxyName":"USER_REWARDED","name":"USER_REWARDED","type":"java.lang.String","value":"user_rewarded"},"AD_NOT_READY":{"proxyName":"AD_NOT_READY","name":"AD_NOT_READY","type":"java.lang.String","value":"ad_not_ready"},"AD_HIDDEN":{"proxyName":"AD_HIDDEN","name":"AD_HIDDEN","type":"java.lang.String","value":"ad_hidden"},"AD_LOAD_FAILED":{"proxyName":"AD_LOAD_FAILED","name":"AD_LOAD_FAILED","type":"java.lang.String","value":"ad_load_failed"},"AD_LOADED":{"proxyName":"AD_LOADED","name":"AD_LOADED","type":"java.lang.String","value":"ad_loaded"},"AD_EXPANDED":{"proxyName":"AD_EXPANDED","name":"AD_EXPANDED","type":"java.lang.String","value":"ad_expanded"},"AD_COLLAPSED":{"proxyName":"AD_COLLAPSED","name":"AD_COLLAPSED","type":"java.lang.String","value":"ad_collapsed"}},"isTitaniumSdk":false,"superProxyClassName":"KrollModule","isModule":true,"genClassName":"AppLovinModuleBindingGen","onAppCreate":"onAppCreate"},"com.upflix.applovin.InterstitialProxy":{"superPackageName":"org.appcelerator.kroll","methods":{"load":{"runOnUiThread":false,"hasInvocation":false,"args":[],"apiName":"load","converter":"org.appcelerator.kroll.KrollConverter","defaultValueProvider":"org.appcelerator.kroll.KrollConverter","name":"__default_name__","returnType":"void"},"show":{"runOnUiThread":false,"hasInvocation":false,"args":[],"apiName":"show","converter":"org.appcelerator.kroll.KrollConverter","defaultValueProvider":"org.appcelerator.kroll.KrollConverter","name":"__default_name__","returnType":"void"}},"superProxyBindingClassName":"org.appcelerator.kroll.KrollProxyBindingGen","proxyClassName":"InterstitialProxy","proxyAttrs":{"propertyAccessors":[],"fullAPIName":"AppLovin.Interstitial","name":"Interstitial","proxyClassName":"com.upflix.applovin.InterstitialProxy","isTopLevel":false,"id":"com.upflix.applovin.InterstitialProxy","creatableInModule":"com.upflix.applovin.AppLovinModule","parentModule":"org.appcelerator.kroll.annotations.Kroll.DEFAULT"},"packageName":"com.upflix.applovin","sourceName":"com.upflix.applovin.InterstitialProxyBindingGen","isTitaniumSdk":false,"superProxyClassName":"KrollProxy","isModule":false,"genClassName":"InterstitialProxyBindingGen"},"com.upflix.applovin.MrecProxy":{"superPackageName":"org.appcelerator.titanium.proxy","superProxyBindingClassName":"org.appcelerator.titanium.proxy.TiViewProxyBindingGen","proxyClassName":"MrecProxy","proxyAttrs":{"propertyAccessors":[],"fullAPIName":"AppLovin.Mrec","name":"Mrec","proxyClassName":"com.upflix.applovin.MrecProxy","isTopLevel":false,"id":"com.upflix.applovin.MrecProxy","creatableInModule":"com.upflix.applovin.AppLovinModule","parentModule":"org.appcelerator.kroll.annotations.Kroll.DEFAULT"},"packageName":"com.upflix.applovin","sourceName":"com.upflix.applovin.MrecProxyBindingGen","isTitaniumSdk":false,"superProxyClassName":"TiViewProxy","isModule":false,"genClassName":"MrecProxyBindingGen"},"com.upflix.applovin.RewardedProxy":{"superPackageName":"org.appcelerator.kroll","methods":{"load":{"runOnUiThread":false,"hasInvocation":false,"args":[],"apiName":"load","converter":"org.appcelerator.kroll.KrollConverter","defaultValueProvider":"org.appcelerator.kroll.KrollConverter","name":"__default_name__","returnType":"void"},"show":{"runOnUiThread":false,"hasInvocation":false,"args":[],"apiName":"show","converter":"org.appcelerator.kroll.KrollConverter","defaultValueProvider":"org.appcelerator.kroll.KrollConverter","name":"__default_name__","returnType":"void"},"createRewardedAd":{"runOnUiThread":false,"hasInvocation":false,"args":[{"converter":"org.appcelerator.kroll.KrollConverter","defaultValueProvider":"org.appcelerator.kroll.KrollConverter","name":"AD_UNIT_ID","sourceName":"AD_UNIT_ID","type":"java.lang.String"}],"apiName":"createRewardedAd","converter":"org.appcelerator.kroll.KrollConverter","defaultValueProvider":"org.appcelerator.kroll.KrollConverter","name":"__default_name__","returnType":"void"}},"superProxyBindingClassName":"org.appcelerator.kroll.KrollProxyBindingGen","proxyClassName":"RewardedProxy","proxyAttrs":{"propertyAccessors":[],"fullAPIName":"AppLovin.Rewarded","name":"Rewarded","proxyClassName":"com.upflix.applovin.RewardedProxy","isTopLevel":false,"id":"com.upflix.applovin.RewardedProxy","creatableInModule":"com.upflix.applovin.AppLovinModule","parentModule":"org.appcelerator.kroll.annotations.Kroll.DEFAULT"},"packageName":"com.upflix.applovin","sourceName":"com.upflix.applovin.RewardedProxyBindingGen","isTitaniumSdk":false,"superProxyClassName":"KrollProxy","isModule":false,"genClassName":"RewardedProxyBindingGen"}},"modules":{"com.upflix.applovin.AppLovinModule":{"apiName":"AppLovin","createProxies":[{"propertyAccessors":[],"fullAPIName":"AppLovin.Interstitial","name":"Interstitial","proxyClassName":"com.upflix.applovin.InterstitialProxy","isTopLevel":false,"id":"com.upflix.applovin.InterstitialProxy","creatableInModule":"com.upflix.applovin.AppLovinModule","parentModule":"org.appcelerator.kroll.annotations.Kroll.DEFAULT"},{"propertyAccessors":[],"fullAPIName":"AppLovin.Banner","name":"Banner","proxyClassName":"com.upflix.applovin.BannerProxy","isTopLevel":false,"id":"com.upflix.applovin.BannerProxy","creatableInModule":"com.upflix.applovin.AppLovinModule","parentModule":"org.appcelerator.kroll.annotations.Kroll.DEFAULT"},{"propertyAccessors":[],"fullAPIName":"AppLovin.Rewarded","name":"Rewarded","proxyClassName":"com.upflix.applovin.RewardedProxy","isTopLevel":false,"id":"com.upflix.applovin.RewardedProxy","creatableInModule":"com.upflix.applovin.AppLovinModule","parentModule":"org.appcelerator.kroll.annotations.Kroll.DEFAULT"},{"propertyAccessors":[],"fullAPIName":"AppLovin.Mrec","name":"Mrec","proxyClassName":"com.upflix.applovin.MrecProxy","isTopLevel":false,"id":"com.upflix.applovin.MrecProxy","creatableInModule":"com.upflix.applovin.AppLovinModule","parentModule":"org.appcelerator.kroll.annotations.Kroll.DEFAULT"}]}}}