<?xml version="1.0" encoding="UTF-8"?>
<ti:module xmlns:ti="http://ti.appcelerator.org" xmlns:android="http://schemas.android.com/apk/res/android">
	<android xmlns:android="http://schemas.android.com/apk/res/android">
		<manifest>
            <application>
                <meta-data android:name="applovin.sdk.key"
           android:value="YOUR_SDK_KEY_HERE"/>
            </application>
            <uses-permission android:name="android.permission.INTERNET"/>
            <uses-permission android:name="android.permission.ACCESS_NETWORK_STATE"/>
            <uses-permission android:name="android.permission.BLUETOOTH" />
            <uses-permission android:name="android.permission.ACCESS_FINE_LOCATION"/>
        </manifest>
	</android>
</ti:module>
